{
  "0":
  {
    "0": [[[0.48349517583847046, -0.17992018163204193, -0.2034509927034378,
            0.0, 0.3833926763680736, -0.3390501026902725]]],
    "1": [[[0.48349517583847046, -0.17992018163204193, -0.2034509927034378,
            0.0, 0.3833926763680736, -0.3390501026902725]]]
  },
  "1":
  {
    "0": [[[0.48349517583847046, -0.17992018163204193, -0.2034509927034378,
            0.0, 0.3833926763680736, -0.3390501026902725]]],
    "1": [[[0.48349517583847046, -0.17992018163204193, -0.2034509927034378,
            0.0, 0.3833926763680736, -0.3390501026902725]]],
    "2": [[[0.48349517583847046, -0.17992018163204193, -0.2034509927034378,
            0.0, 0.3833926763680736, -0.3390501026902725]]]
  },
  "2":
  {
    "0": [[[0.48349517583847046, -0.17992018163204193, -0.2034509927034378,
            0.0, 0.3833926763680736, -0.3390501026902725]]],
    "1": [[[0.48349517583847046, -0.17992018163204193, -0.2034509927034378,
            0.0, 0.3833926763680736, -0.3390501026902725]]]
  },
  "3":
  {
    "0": [[[0.48349517583847046, -0.17992018163204193, -0.2034509927034378,
            0.0, 0.3833926763680736, -0.3390501026902725]]],
    "1": [[[0.48349517583847046, -0.17992018163204193, -0.2034509927034378,
            0.0, 0.3833926763680736, -0.3390501026902725]]],
    "2": [[[0.48349517583847046, -0.17992018163204193, -0.2034509927034378,
            0.0, 0.3833926763680736, -0.3390501026902725]]]
  },
  "4":
  {
    "0": [[[0.48349517583847046, -0.17992018163204193, -0.2034509927034378,
            0.0, 0.3833926763680736, -0.3390501026902725]]],
    "1": [[[0.48349517583847046, -0.17992018163204193, -0.2034509927034378,
            0.0, 0.3833926763680736, -0.3390501026902725]]],
    "2": [[[0.48349517583847046, -0.17992018163204193, -0.2034509927034378,
            0.0, 0.3833926763680736, -0.3390501026902725]]]
  },
  "5":
  {
    "0": [[[0.48349517583847046, -0.17992018163204193, -0.2034509927034378,
            0.0, 0.3833926763680736, -0.3390501026902725]]]
  }
}